{
  "results": {
    "GCS": {
      "2": 34.0,
      "3": 61.0,
      "4": 52.0,
      "5": 47.0,
      "6": 49.0
    },
    "CDP": {},
    "BAB (w/ AB-tree)": {
      "2": 24.0,
      "3": 47.0,
      "4": 45.0,
      "5": 43.0,
      "6": 43.0
    },
    "BAB (w/ PB-tree)": {
      "2": 533.0,
      "3": 1005.0,
      "4": 981.0,
      "5": 921.0,
      "6": 981.0
    }
  },
  "statistics": {
    "GCS": {
      "avg": 48.6,
      "min": 34.0,
      "max": 61.0,
      "std": 8.73155198117723
    },
    "BAB (w/ AB-tree)": {
      "avg": 40.4,
      "min": 24.0,
      "max": 47.0,
      "std": 8.333066662399863
    },
    "BAB (w/ PB-tree)": {
      "avg": 884.2,
      "min": 533.0,
      "max": 1005.0,
      "std": 177.78008887386684
    }
  }
}