{
  "results": {
    "GCS": {
      "2": 45.3,
      "3": 78.2,
      "4": 125.5,
      "5": 198.7,
      "6": 287.3
    },
    "BAB (w/ PB-tree)": {
      "2": 52.1,
      "3": 85.4,
      "4": 138.9,
      "5": 215.3,
      "6": 312.8
    },
    "BAB (w/ AB-tree)": {
      "2": 87.5,
      "3": 145.7,
      "4": 235.2,
      "5": 368.4,
      "6": 542.1
    },
    "CDP": {
      "2": 156.8,
      "3": 287.5,
      "4": 478.3,
      "5": 745.2,
      "6": 1087.6
    }
  },
  "statistics": {
    "GCS": {
      "avg": 147.0,
      "min": 45.3,
      "max": 287.3,
      "std": 87.05809554544598
    },
    "BAB (w/ PB-tree)": {
      "avg": 160.9,
      "min": 52.1,
      "max": 312.8,
      "std": 93.86656486736905
    },
    "BAB (w/ AB-tree)": {
      "avg": 275.78000000000003,
      "min": 87.5,
      "max": 542.1,
      "std": 163.41463092391697
    },
    "CDP": {
      "avg": 551.08,
      "min": 156.8,
      "max": 1087.6,
      "std": 333.3959651825438
    }
  }
}